--------------------------------------------------------
--  已建立檔案 - 星期三-三月-01-2023   
--------------------------------------------------------
--------------------------------------------------------
--  DDL for Sequence BEVERAGE_GOODS_SEQ
--------------------------------------------------------

   CREATE SEQUENCE  "LOCAL"."BEVERAGE_GOODS_SEQ"  MINVALUE 1 MAXVALUE 9999999999999999999999999999 INCREMENT BY 1 START WITH 29 NOCACHE  NOORDER  NOCYCLE ;
--------------------------------------------------------
--  DDL for Sequence BEVERAGE_ORDER_SEQ
--------------------------------------------------------

   CREATE SEQUENCE  "LOCAL"."BEVERAGE_ORDER_SEQ"  MINVALUE 1 MAXVALUE 9999999999999999999999999999 INCREMENT BY 1 START WITH 22 NOCACHE  NOORDER  NOCYCLE ;
--------------------------------------------------------
--  DDL for Sequence DEPT2_SEQ
--------------------------------------------------------

   CREATE SEQUENCE  "LOCAL"."DEPT2_SEQ"  MINVALUE 1 MAXVALUE 9999999999999999999999999999 INCREMENT BY 10 START WITH 50 NOCACHE  NOORDER  NOCYCLE ;
--------------------------------------------------------
--  DDL for Sequence EMP2_SEQ
--------------------------------------------------------

   CREATE SEQUENCE  "LOCAL"."EMP2_SEQ"  MINVALUE 1 MAXVALUE 9999999999999999999999999999 INCREMENT BY 1 START WITH 7015 NOCACHE  NOORDER  NOCYCLE ;
--------------------------------------------------------
--  DDL for Table BEVERAGE_GOODS
--------------------------------------------------------

  CREATE TABLE "LOCAL"."BEVERAGE_GOODS" 
   (	"GOODS_ID" NUMBER, 
	"GOODS_NAME" VARCHAR2(300 BYTE), 
	"PRICE" NUMBER DEFAULT 0, 
	"QUANTITY" NUMBER DEFAULT 0, 
	"IMAGE_NAME" VARCHAR2(300 BYTE), 
	"STATUS" CHAR(1 BYTE)
   ) SEGMENT CREATION IMMEDIATE 
  PCTFREE 10 PCTUSED 40 INITRANS 1 MAXTRANS 255 NOCOMPRESS LOGGING
  STORAGE(INITIAL 65536 NEXT 1048576 MINEXTENTS 1 MAXEXTENTS 2147483645
  PCTINCREASE 0 FREELISTS 1 FREELIST GROUPS 1 BUFFER_POOL DEFAULT FLASH_CACHE DEFAULT CELL_FLASH_CACHE DEFAULT)
  TABLESPACE "SYSTEM" ;

   COMMENT ON COLUMN "LOCAL"."BEVERAGE_GOODS"."GOODS_ID" IS '商品編號';
   COMMENT ON COLUMN "LOCAL"."BEVERAGE_GOODS"."GOODS_NAME" IS '商品名稱';
   COMMENT ON COLUMN "LOCAL"."BEVERAGE_GOODS"."PRICE" IS '商品價格';
   COMMENT ON COLUMN "LOCAL"."BEVERAGE_GOODS"."QUANTITY" IS '商品庫存量';
   COMMENT ON COLUMN "LOCAL"."BEVERAGE_GOODS"."IMAGE_NAME" IS '商品圖片名稱';
   COMMENT ON COLUMN "LOCAL"."BEVERAGE_GOODS"."STATUS" IS '商品狀態(1:上架、0:下架)';
--------------------------------------------------------
--  DDL for Table BEVERAGE_MEMBER
--------------------------------------------------------

  CREATE TABLE "LOCAL"."BEVERAGE_MEMBER" 
   (	"IDENTIFICATION_NO" VARCHAR2(10 BYTE), 
	"PASSWORD" VARCHAR2(50 BYTE), 
	"CUSTOMER_NAME" VARCHAR2(50 BYTE)
   ) SEGMENT CREATION IMMEDIATE 
  PCTFREE 10 PCTUSED 40 INITRANS 1 MAXTRANS 255 NOCOMPRESS LOGGING
  STORAGE(INITIAL 65536 NEXT 1048576 MINEXTENTS 1 MAXEXTENTS 2147483645
  PCTINCREASE 0 FREELISTS 1 FREELIST GROUPS 1 BUFFER_POOL DEFAULT FLASH_CACHE DEFAULT CELL_FLASH_CACHE DEFAULT)
  TABLESPACE "SYSTEM" ;

   COMMENT ON COLUMN "LOCAL"."BEVERAGE_MEMBER"."IDENTIFICATION_NO" IS '身份證字號';
   COMMENT ON COLUMN "LOCAL"."BEVERAGE_MEMBER"."PASSWORD" IS '密碼';
   COMMENT ON COLUMN "LOCAL"."BEVERAGE_MEMBER"."CUSTOMER_NAME" IS '顧客姓名';
--------------------------------------------------------
--  DDL for Table BEVERAGE_ORDER
--------------------------------------------------------

  CREATE TABLE "LOCAL"."BEVERAGE_ORDER" 
   (	"ORDER_ID" NUMBER, 
	"ORDER_DATE" DATE, 
	"CUSTOMER_ID" VARCHAR2(10 BYTE), 
	"GOODS_ID" NUMBER, 
	"GOODS_BUY_PRICE" NUMBER, 
	"BUY_QUANTITY" NUMBER
   ) SEGMENT CREATION IMMEDIATE 
  PCTFREE 10 PCTUSED 40 INITRANS 1 MAXTRANS 255 NOCOMPRESS LOGGING
  STORAGE(INITIAL 65536 NEXT 1048576 MINEXTENTS 1 MAXEXTENTS 2147483645
  PCTINCREASE 0 FREELISTS 1 FREELIST GROUPS 1 BUFFER_POOL DEFAULT FLASH_CACHE DEFAULT CELL_FLASH_CACHE DEFAULT)
  TABLESPACE "SYSTEM" ;

   COMMENT ON COLUMN "LOCAL"."BEVERAGE_ORDER"."ORDER_ID" IS '訂單編號';
   COMMENT ON COLUMN "LOCAL"."BEVERAGE_ORDER"."ORDER_DATE" IS '訂單日期';
   COMMENT ON COLUMN "LOCAL"."BEVERAGE_ORDER"."CUSTOMER_ID" IS '顧客編號(BEVERAGE_MEMBER.IDENTIFICATION_NO)';
   COMMENT ON COLUMN "LOCAL"."BEVERAGE_ORDER"."GOODS_ID" IS '商品編號(BEVERAGE_GOODS.GOODS_ID)';
   COMMENT ON COLUMN "LOCAL"."BEVERAGE_ORDER"."GOODS_BUY_PRICE" IS '商品金額(購買單價)';
   COMMENT ON COLUMN "LOCAL"."BEVERAGE_ORDER"."BUY_QUANTITY" IS '購買數量';
--------------------------------------------------------
--  DDL for Table PARAMETER
--------------------------------------------------------

  CREATE TABLE "LOCAL"."PARAMETER" 
   (	"ID" VARCHAR2(20 BYTE), 
	"NAME" VARCHAR2(20 BYTE), 
	"CATEGORY" VARCHAR2(20 BYTE), 
	"TYPE" VARCHAR2(20 BYTE), 
	"VALUE" VARCHAR2(20 BYTE), 
	"ORDERBY" NUMBER(*,0)
   ) SEGMENT CREATION IMMEDIATE 
  PCTFREE 10 PCTUSED 40 INITRANS 1 MAXTRANS 255 NOCOMPRESS LOGGING
  STORAGE(INITIAL 65536 NEXT 1048576 MINEXTENTS 1 MAXEXTENTS 2147483645
  PCTINCREASE 0 FREELISTS 1 FREELIST GROUPS 1 BUFFER_POOL DEFAULT FLASH_CACHE DEFAULT CELL_FLASH_CACHE DEFAULT)
  TABLESPACE "SYSTEM" ;
REM INSERTING into LOCAL.BEVERAGE_GOODS
SET DEFINE OFF;
Insert into LOCAL.BEVERAGE_GOODS (GOODS_ID,GOODS_NAME,PRICE,QUANTITY,IMAGE_NAME,STATUS) values (1,'coke_original',100,3,'coke_original.jpg','1');
Insert into LOCAL.BEVERAGE_GOODS (GOODS_ID,GOODS_NAME,PRICE,QUANTITY,IMAGE_NAME,STATUS) values (2,'fanta_grape',7,2,'fanta_grape.jpg','1');
Insert into LOCAL.BEVERAGE_GOODS (GOODS_ID,GOODS_NAME,PRICE,QUANTITY,IMAGE_NAME,STATUS) values (3,'spring_original',20,0,'spring_original.jpg','1');
Insert into LOCAL.BEVERAGE_GOODS (GOODS_ID,GOODS_NAME,PRICE,QUANTITY,IMAGE_NAME,STATUS) values (4,'coke_zero',10,6,'coke_zero.jpg','1');
Insert into LOCAL.BEVERAGE_GOODS (GOODS_ID,GOODS_NAME,PRICE,QUANTITY,IMAGE_NAME,STATUS) values (5,'pepsi_original',25,14,'pepsi_original.jpg','1');
Insert into LOCAL.BEVERAGE_GOODS (GOODS_ID,GOODS_NAME,PRICE,QUANTITY,IMAGE_NAME,STATUS) values (6,'fanta_orange',25,13,'fanta_orange.jpg','1');
Insert into LOCAL.BEVERAGE_GOODS (GOODS_ID,GOODS_NAME,PRICE,QUANTITY,IMAGE_NAME,STATUS) values (7,'Cascara Macchiato',140,20,'20190124150636383.jpg','1');
Insert into LOCAL.BEVERAGE_GOODS (GOODS_ID,GOODS_NAME,PRICE,QUANTITY,IMAGE_NAME,STATUS) values (8,'Iced Cascara',140,20,'20190124151236425.jpg','1');
Insert into LOCAL.BEVERAGE_GOODS (GOODS_ID,GOODS_NAME,PRICE,QUANTITY,IMAGE_NAME,STATUS) values (9,'Dark Caramel Latte',140,20,'20190314152120770.jpg','1');
Insert into LOCAL.BEVERAGE_GOODS (GOODS_ID,GOODS_NAME,PRICE,QUANTITY,IMAGE_NAME,STATUS) values (10,'White Chocolate Mocha',135,20,'20190315112127432.jpg','1');
Insert into LOCAL.BEVERAGE_GOODS (GOODS_ID,GOODS_NAME,PRICE,QUANTITY,IMAGE_NAME,STATUS) values (11,'Flat White',135,20,'20180910173353352.jpg','1');
Insert into LOCAL.BEVERAGE_GOODS (GOODS_ID,GOODS_NAME,PRICE,QUANTITY,IMAGE_NAME,STATUS) values (12,'Espresso Choice Extra Shot Latte',145,20,'20170717104522150.jpg','1');
Insert into LOCAL.BEVERAGE_GOODS (GOODS_ID,GOODS_NAME,PRICE,QUANTITY,IMAGE_NAME,STATUS) values (13,'Cappuccino',120,20,'20170627162058676.jpg','1');
Insert into LOCAL.BEVERAGE_GOODS (GOODS_ID,GOODS_NAME,PRICE,QUANTITY,IMAGE_NAME,STATUS) values (14,'Caffe Latte',110,20,'2013081316151831.jpg','1');
Insert into LOCAL.BEVERAGE_GOODS (GOODS_ID,GOODS_NAME,PRICE,QUANTITY,IMAGE_NAME,STATUS) values (15,'Iced Caffe Latte',120,20,'20130813162740315.jpg','1');
Insert into LOCAL.BEVERAGE_GOODS (GOODS_ID,GOODS_NAME,PRICE,QUANTITY,IMAGE_NAME,STATUS) values (16,'Caramel Macchiato',140,20,'20170627171958121.jpg','1');
Insert into LOCAL.BEVERAGE_GOODS (GOODS_ID,GOODS_NAME,PRICE,QUANTITY,IMAGE_NAME,STATUS) values (17,'Iced Caramel Macchiato',140,20,'20170627175758131.jpg','1');
Insert into LOCAL.BEVERAGE_GOODS (GOODS_ID,GOODS_NAME,PRICE,QUANTITY,IMAGE_NAME,STATUS) values (18,'Caffe Mocha',135,20,'20130813161442705.jpg','1');
Insert into LOCAL.BEVERAGE_GOODS (GOODS_ID,GOODS_NAME,PRICE,QUANTITY,IMAGE_NAME,STATUS) values (19,'Iced Caffe Mocha',135,20,'20130813163137244.jpg','1');
Insert into LOCAL.BEVERAGE_GOODS (GOODS_ID,GOODS_NAME,PRICE,QUANTITY,IMAGE_NAME,STATUS) values (20,'Caffe Americano',80,20,'20130813161023652.jpg','1');
Insert into LOCAL.BEVERAGE_GOODS (GOODS_ID,GOODS_NAME,PRICE,QUANTITY,IMAGE_NAME,STATUS) values (21,'Iced Caffe Americano',95,20,'20130813163246257.jpg','1');
Insert into LOCAL.BEVERAGE_GOODS (GOODS_ID,GOODS_NAME,PRICE,QUANTITY,IMAGE_NAME,STATUS) values (22,'Espresso',80,20,'20130813160909561.jpg','1');
Insert into LOCAL.BEVERAGE_GOODS (GOODS_ID,GOODS_NAME,PRICE,QUANTITY,IMAGE_NAME,STATUS) values (23,'Triple Mocha Frappuccino',145,20,'20190314152226279.jpg','1');
Insert into LOCAL.BEVERAGE_GOODS (GOODS_ID,GOODS_NAME,PRICE,QUANTITY,IMAGE_NAME,STATUS) values (24,'Dark Caramel Coffee Frappuccino',145,20,'20190314152210263.jpg','1');
Insert into LOCAL.BEVERAGE_GOODS (GOODS_ID,GOODS_NAME,PRICE,QUANTITY,IMAGE_NAME,STATUS) values (25,'Coffee Frappuccino Blended Beverage',105,20,'20130813155657355.jpg','1');
Insert into LOCAL.BEVERAGE_GOODS (GOODS_ID,GOODS_NAME,PRICE,QUANTITY,IMAGE_NAME,STATUS) values (26,'Caramel Frappuccino Blended Beverage',130,20,'20130813155636918.jpg','1');
Insert into LOCAL.BEVERAGE_GOODS (GOODS_ID,GOODS_NAME,PRICE,QUANTITY,IMAGE_NAME,STATUS) values (27,'Caramel Java Chip Frappuccino Blended Beverage',145,20,'20140304171733401.jpg','1');
Insert into LOCAL.BEVERAGE_GOODS (GOODS_ID,GOODS_NAME,PRICE,QUANTITY,IMAGE_NAME,STATUS) values (28,'Java Chip Frappuccino Blended Beverage',145,20,'20130813154445805.jpg','1');
REM INSERTING into LOCAL.BEVERAGE_MEMBER
SET DEFINE OFF;
Insert into LOCAL.BEVERAGE_MEMBER (IDENTIFICATION_NO,PASSWORD,CUSTOMER_NAME) values ('A124243295','123','Jay');
Insert into LOCAL.BEVERAGE_MEMBER (IDENTIFICATION_NO,PASSWORD,CUSTOMER_NAME) values ('D201663865','123','Tiffany');
Insert into LOCAL.BEVERAGE_MEMBER (IDENTIFICATION_NO,PASSWORD,CUSTOMER_NAME) values ('J213664153','123','Jolin');
Insert into LOCAL.BEVERAGE_MEMBER (IDENTIFICATION_NO,PASSWORD,CUSTOMER_NAME) values ('F126873254','123','Rita');
Insert into LOCAL.BEVERAGE_MEMBER (IDENTIFICATION_NO,PASSWORD,CUSTOMER_NAME) values ('G436565447','123','Wendy');
Insert into LOCAL.BEVERAGE_MEMBER (IDENTIFICATION_NO,PASSWORD,CUSTOMER_NAME) values ('1','1','max');
REM INSERTING into LOCAL.BEVERAGE_ORDER
SET DEFINE OFF;
Insert into LOCAL.BEVERAGE_ORDER (ORDER_ID,ORDER_DATE,CUSTOMER_ID,GOODS_ID,GOODS_BUY_PRICE,BUY_QUANTITY) values (18,to_date('2023-03-01 11:06:57','YYYY-MM-DD HH24:MI:SS'),'1',2,7,2);
Insert into LOCAL.BEVERAGE_ORDER (ORDER_ID,ORDER_DATE,CUSTOMER_ID,GOODS_ID,GOODS_BUY_PRICE,BUY_QUANTITY) values (19,to_date('2023-03-01 11:06:57','YYYY-MM-DD HH24:MI:SS'),'1',4,10,1);
Insert into LOCAL.BEVERAGE_ORDER (ORDER_ID,ORDER_DATE,CUSTOMER_ID,GOODS_ID,GOODS_BUY_PRICE,BUY_QUANTITY) values (20,to_date('2023-03-01 11:07:17','YYYY-MM-DD HH24:MI:SS'),'1',2,7,1);
Insert into LOCAL.BEVERAGE_ORDER (ORDER_ID,ORDER_DATE,CUSTOMER_ID,GOODS_ID,GOODS_BUY_PRICE,BUY_QUANTITY) values (11,to_date('2023-03-01 08:40:03','YYYY-MM-DD HH24:MI:SS'),'A124243295',1,100,2);
Insert into LOCAL.BEVERAGE_ORDER (ORDER_ID,ORDER_DATE,CUSTOMER_ID,GOODS_ID,GOODS_BUY_PRICE,BUY_QUANTITY) values (12,to_date('2023-03-01 08:40:03','YYYY-MM-DD HH24:MI:SS'),'A124243295',2,7,1);
Insert into LOCAL.BEVERAGE_ORDER (ORDER_ID,ORDER_DATE,CUSTOMER_ID,GOODS_ID,GOODS_BUY_PRICE,BUY_QUANTITY) values (13,to_date('2023-03-01 08:50:20','YYYY-MM-DD HH24:MI:SS'),'A124243295',1,100,2);
Insert into LOCAL.BEVERAGE_ORDER (ORDER_ID,ORDER_DATE,CUSTOMER_ID,GOODS_ID,GOODS_BUY_PRICE,BUY_QUANTITY) values (14,to_date('2023-03-01 08:50:20','YYYY-MM-DD HH24:MI:SS'),'A124243295',2,7,1);
Insert into LOCAL.BEVERAGE_ORDER (ORDER_ID,ORDER_DATE,CUSTOMER_ID,GOODS_ID,GOODS_BUY_PRICE,BUY_QUANTITY) values (15,to_date('2023-03-01 08:50:20','YYYY-MM-DD HH24:MI:SS'),'A124243295',3,20,3);
Insert into LOCAL.BEVERAGE_ORDER (ORDER_ID,ORDER_DATE,CUSTOMER_ID,GOODS_ID,GOODS_BUY_PRICE,BUY_QUANTITY) values (16,to_date('2023-03-01 08:50:20','YYYY-MM-DD HH24:MI:SS'),'A124243295',4,10,4);
Insert into LOCAL.BEVERAGE_ORDER (ORDER_ID,ORDER_DATE,CUSTOMER_ID,GOODS_ID,GOODS_BUY_PRICE,BUY_QUANTITY) values (17,to_date('2023-03-01 08:50:55','YYYY-MM-DD HH24:MI:SS'),'A124243295',3,20,2);
Insert into LOCAL.BEVERAGE_ORDER (ORDER_ID,ORDER_DATE,CUSTOMER_ID,GOODS_ID,GOODS_BUY_PRICE,BUY_QUANTITY) values (21,to_date('2023-03-01 11:07:57','YYYY-MM-DD HH24:MI:SS'),'1',2,7,1);
REM INSERTING into LOCAL.PARAMETER
SET DEFINE OFF;
Insert into LOCAL.PARAMETER (ID,NAME,CATEGORY,TYPE,VALUE,ORDERBY) values ('Status','狀態','Status',null,null,0);
Insert into LOCAL.PARAMETER (ID,NAME,CATEGORY,TYPE,VALUE,ORDERBY) values ('Status_1','啟用','Status_1','Status','1',1);
Insert into LOCAL.PARAMETER (ID,NAME,CATEGORY,TYPE,VALUE,ORDERBY) values ('Status_2','停用','Status_2','Status','0',2);
Insert into LOCAL.PARAMETER (ID,NAME,CATEGORY,TYPE,VALUE,ORDERBY) values ('OrderBy','排序','OrderBy',null,null,0);
Insert into LOCAL.PARAMETER (ID,NAME,CATEGORY,TYPE,VALUE,ORDERBY) values ('OrderBy_1','由低而高','OrderBy_1','OrderBy','ASC',1);
Insert into LOCAL.PARAMETER (ID,NAME,CATEGORY,TYPE,VALUE,ORDERBY) values ('OrderBy_2','由高而低','OrderBy_2','OrderBy','DESC',2);
Insert into LOCAL.PARAMETER (ID,NAME,CATEGORY,TYPE,VALUE,ORDERBY) values ('Page','每頁筆數','Page',null,null,0);
Insert into LOCAL.PARAMETER (ID,NAME,CATEGORY,TYPE,VALUE,ORDERBY) values ('Page_1','10','Page_1','Page','10',1);
Insert into LOCAL.PARAMETER (ID,NAME,CATEGORY,TYPE,VALUE,ORDERBY) values ('Page_2','20','Page_2','Page','20',2);
Insert into LOCAL.PARAMETER (ID,NAME,CATEGORY,TYPE,VALUE,ORDERBY) values ('Page_3','30','Page_3','Page','30',3);
Insert into LOCAL.PARAMETER (ID,NAME,CATEGORY,TYPE,VALUE,ORDERBY) values ('Page_4','40','Page_4','Page','40',4);
Insert into LOCAL.PARAMETER (ID,NAME,CATEGORY,TYPE,VALUE,ORDERBY) values ('Page_5','50','Page_5','Page','50',5);
Insert into LOCAL.PARAMETER (ID,NAME,CATEGORY,TYPE,VALUE,ORDERBY) values ('Page_6','60','Page_6','Page','60',6);
Insert into LOCAL.PARAMETER (ID,NAME,CATEGORY,TYPE,VALUE,ORDERBY) values ('Page_7','70','Page_7','Page','70',7);
Insert into LOCAL.PARAMETER (ID,NAME,CATEGORY,TYPE,VALUE,ORDERBY) values ('Page_8','10','Page_8','Page','80',8);
Insert into LOCAL.PARAMETER (ID,NAME,CATEGORY,TYPE,VALUE,ORDERBY) values ('Page_9','90','Page_9','Page','90',9);
Insert into LOCAL.PARAMETER (ID,NAME,CATEGORY,TYPE,VALUE,ORDERBY) values ('Page_10','100','Page_10','Page','100',10);
--------------------------------------------------------
--  DDL for Index BEVERAGE_GOODS_PK
--------------------------------------------------------

  CREATE UNIQUE INDEX "LOCAL"."BEVERAGE_GOODS_PK" ON "LOCAL"."BEVERAGE_GOODS" ("GOODS_ID") 
  PCTFREE 10 INITRANS 2 MAXTRANS 255 COMPUTE STATISTICS 
  STORAGE(INITIAL 65536 NEXT 1048576 MINEXTENTS 1 MAXEXTENTS 2147483645
  PCTINCREASE 0 FREELISTS 1 FREELIST GROUPS 1 BUFFER_POOL DEFAULT FLASH_CACHE DEFAULT CELL_FLASH_CACHE DEFAULT)
  TABLESPACE "SYSTEM" ;
--------------------------------------------------------
--  DDL for Index BEVERAGE_MEMBER_PK
--------------------------------------------------------

  CREATE UNIQUE INDEX "LOCAL"."BEVERAGE_MEMBER_PK" ON "LOCAL"."BEVERAGE_MEMBER" ("IDENTIFICATION_NO") 
  PCTFREE 10 INITRANS 2 MAXTRANS 255 COMPUTE STATISTICS 
  STORAGE(INITIAL 65536 NEXT 1048576 MINEXTENTS 1 MAXEXTENTS 2147483645
  PCTINCREASE 0 FREELISTS 1 FREELIST GROUPS 1 BUFFER_POOL DEFAULT FLASH_CACHE DEFAULT CELL_FLASH_CACHE DEFAULT)
  TABLESPACE "SYSTEM" ;
--------------------------------------------------------
--  DDL for Index BEVERAGE_ORDER_PK
--------------------------------------------------------

  CREATE UNIQUE INDEX "LOCAL"."BEVERAGE_ORDER_PK" ON "LOCAL"."BEVERAGE_ORDER" ("ORDER_ID") 
  PCTFREE 10 INITRANS 2 MAXTRANS 255 COMPUTE STATISTICS 
  STORAGE(INITIAL 65536 NEXT 1048576 MINEXTENTS 1 MAXEXTENTS 2147483645
  PCTINCREASE 0 FREELISTS 1 FREELIST GROUPS 1 BUFFER_POOL DEFAULT FLASH_CACHE DEFAULT CELL_FLASH_CACHE DEFAULT)
  TABLESPACE "SYSTEM" ;
--------------------------------------------------------
--  DDL for Index PARAMETER_PK
--------------------------------------------------------

  CREATE UNIQUE INDEX "LOCAL"."PARAMETER_PK" ON "LOCAL"."PARAMETER" ("ID") 
  PCTFREE 10 INITRANS 2 MAXTRANS 255 COMPUTE STATISTICS 
  STORAGE(INITIAL 65536 NEXT 1048576 MINEXTENTS 1 MAXEXTENTS 2147483645
  PCTINCREASE 0 FREELISTS 1 FREELIST GROUPS 1 BUFFER_POOL DEFAULT FLASH_CACHE DEFAULT CELL_FLASH_CACHE DEFAULT)
  TABLESPACE "SYSTEM" ;
--------------------------------------------------------
--  Constraints for Table BEVERAGE_GOODS
--------------------------------------------------------

  ALTER TABLE "LOCAL"."BEVERAGE_GOODS" ADD CONSTRAINT "BEVERAGE_GOODS_PK" PRIMARY KEY ("GOODS_ID")
  USING INDEX PCTFREE 10 INITRANS 2 MAXTRANS 255 COMPUTE STATISTICS 
  STORAGE(INITIAL 65536 NEXT 1048576 MINEXTENTS 1 MAXEXTENTS 2147483645
  PCTINCREASE 0 FREELISTS 1 FREELIST GROUPS 1 BUFFER_POOL DEFAULT FLASH_CACHE DEFAULT CELL_FLASH_CACHE DEFAULT)
  TABLESPACE "SYSTEM"  ENABLE;
  ALTER TABLE "LOCAL"."BEVERAGE_GOODS" ADD CHECK (STATUS IN('1','0')) ENABLE;
  ALTER TABLE "LOCAL"."BEVERAGE_GOODS" MODIFY ("STATUS" NOT NULL ENABLE);
  ALTER TABLE "LOCAL"."BEVERAGE_GOODS" MODIFY ("IMAGE_NAME" NOT NULL ENABLE);
  ALTER TABLE "LOCAL"."BEVERAGE_GOODS" MODIFY ("QUANTITY" NOT NULL ENABLE);
  ALTER TABLE "LOCAL"."BEVERAGE_GOODS" MODIFY ("PRICE" NOT NULL ENABLE);
  ALTER TABLE "LOCAL"."BEVERAGE_GOODS" MODIFY ("GOODS_NAME" NOT NULL ENABLE);
  ALTER TABLE "LOCAL"."BEVERAGE_GOODS" MODIFY ("GOODS_ID" NOT NULL ENABLE);
--------------------------------------------------------
--  Constraints for Table BEVERAGE_MEMBER
--------------------------------------------------------

  ALTER TABLE "LOCAL"."BEVERAGE_MEMBER" ADD CONSTRAINT "BEVERAGE_MEMBER_PK" PRIMARY KEY ("IDENTIFICATION_NO")
  USING INDEX PCTFREE 10 INITRANS 2 MAXTRANS 255 COMPUTE STATISTICS 
  STORAGE(INITIAL 65536 NEXT 1048576 MINEXTENTS 1 MAXEXTENTS 2147483645
  PCTINCREASE 0 FREELISTS 1 FREELIST GROUPS 1 BUFFER_POOL DEFAULT FLASH_CACHE DEFAULT CELL_FLASH_CACHE DEFAULT)
  TABLESPACE "SYSTEM"  ENABLE;
  ALTER TABLE "LOCAL"."BEVERAGE_MEMBER" MODIFY ("IDENTIFICATION_NO" NOT NULL ENABLE);
--------------------------------------------------------
--  Constraints for Table BEVERAGE_ORDER
--------------------------------------------------------

  ALTER TABLE "LOCAL"."BEVERAGE_ORDER" ADD CONSTRAINT "BEVERAGE_ORDER_PK" PRIMARY KEY ("ORDER_ID")
  USING INDEX PCTFREE 10 INITRANS 2 MAXTRANS 255 COMPUTE STATISTICS 
  STORAGE(INITIAL 65536 NEXT 1048576 MINEXTENTS 1 MAXEXTENTS 2147483645
  PCTINCREASE 0 FREELISTS 1 FREELIST GROUPS 1 BUFFER_POOL DEFAULT FLASH_CACHE DEFAULT CELL_FLASH_CACHE DEFAULT)
  TABLESPACE "SYSTEM"  ENABLE;
  ALTER TABLE "LOCAL"."BEVERAGE_ORDER" MODIFY ("BUY_QUANTITY" NOT NULL ENABLE);
  ALTER TABLE "LOCAL"."BEVERAGE_ORDER" MODIFY ("GOODS_BUY_PRICE" NOT NULL ENABLE);
  ALTER TABLE "LOCAL"."BEVERAGE_ORDER" MODIFY ("GOODS_ID" NOT NULL ENABLE);
  ALTER TABLE "LOCAL"."BEVERAGE_ORDER" MODIFY ("CUSTOMER_ID" NOT NULL ENABLE);
  ALTER TABLE "LOCAL"."BEVERAGE_ORDER" MODIFY ("ORDER_DATE" NOT NULL ENABLE);
  ALTER TABLE "LOCAL"."BEVERAGE_ORDER" MODIFY ("ORDER_ID" NOT NULL ENABLE);
--------------------------------------------------------
--  Constraints for Table PARAMETER
--------------------------------------------------------

  ALTER TABLE "LOCAL"."PARAMETER" ADD CONSTRAINT "PARAMETER_PK" PRIMARY KEY ("ID")
  USING INDEX PCTFREE 10 INITRANS 2 MAXTRANS 255 COMPUTE STATISTICS 
  STORAGE(INITIAL 65536 NEXT 1048576 MINEXTENTS 1 MAXEXTENTS 2147483645
  PCTINCREASE 0 FREELISTS 1 FREELIST GROUPS 1 BUFFER_POOL DEFAULT FLASH_CACHE DEFAULT CELL_FLASH_CACHE DEFAULT)
  TABLESPACE "SYSTEM"  ENABLE;
  ALTER TABLE "LOCAL"."PARAMETER" MODIFY ("ID" NOT NULL ENABLE);
--------------------------------------------------------
--  Ref Constraints for Table BEVERAGE_ORDER
--------------------------------------------------------

  ALTER TABLE "LOCAL"."BEVERAGE_ORDER" ADD CONSTRAINT "BEVERAGE_GOODS_FK" FOREIGN KEY ("GOODS_ID")
	  REFERENCES "LOCAL"."BEVERAGE_GOODS" ("GOODS_ID") ENABLE;
  ALTER TABLE "LOCAL"."BEVERAGE_ORDER" ADD CONSTRAINT "BEVERAGE_MEMBER_FK" FOREIGN KEY ("CUSTOMER_ID")
	  REFERENCES "LOCAL"."BEVERAGE_MEMBER" ("IDENTIFICATION_NO") ENABLE;
